/storage/scratch/iee/dj20y461/FITNESS/data/raw/FITNESS_Run2/Lane1/Sample_SL_HL_19T_244_2-3026912/SL_HL_19T_244_2-3026912_S48_L001_R1_001.fastq.gz	508290
/storage/scratch/iee/dj20y461/FITNESS/data/raw/FITNESS_Run2/Lane1/Sample_LG_CL_19T_204_2-3026922/LG_CL_19T_204_2-3026922_S58_L001_R1_001.fastq.gz	958718
/storage/scratch/iee/dj20y461/FITNESS/data/raw/FITNESS_Run2/Lane1/Sample_LG_LO_19T_276_2-3026910/LG_LO_19T_276_2-3026910_S46_L001_R1_001.fastq.gz	1192742
/storage/scratch/iee/dj20y461/FITNESS/data/raw/FITNESS_Run2/Lane2/Sample_SR_LO_19T_205_2-3015228/SR_LO_19T_205_2-3015228_S40_L002_R1_001.fastq.gz	203326
/storage/scratch/iee/dj20y461/FITNESS/data/raw/FITNESS_Run2/Lane1/Sample_FG_GL_19T_424_2-3026911/FG_GL_19T_424_2-3026911_S47_L001_R1_001.fastq.gz	1639942
/storage/scratch/iee/dj20y461/FITNESS/data/raw/FITNESS_Run2/Lane1/Sample_LG_HL_19T_400_2-3026925/LG_HL_19T_400_2-3026925_S61_L001_R1_001.fastq.gz	2092731
/storage/scratch/iee/dj20y461/FITNESS/data/raw/FITNESS_Run2/Lane1/Sample_WT_CC_19T_174_2-3026909/WT_CC_19T_174_2-3026909_S45_L001_R1_001.fastq.gz	410957
/storage/scratch/iee/dj20y461/FITNESS/data/raw/FITNESS_Run2/Lane4/Sample_SL_HL_19T_177_2-3016870/SL_HL_19T_177_2-3016870_S19_L004_R1_001.fastq.gz	1111170
/storage/scratch/iee/dj20y461/FITNESS/data/raw/FITNESS_Run2/Lane1/Sample_WK_RL_19T_064_2-3026926/WK_RL_19T_064_2-3026926_S62_L001_R1_001.fastq.gz	1453234
/storage/scratch/iee/dj20y461/FITNESS/data/raw/FITNESS_Run2/Lane3/Sample_WB_LO_19T_176_2-3016782/WB_LO_19T_176_2-3016782_S45_L003_R1_001.fastq.gz	5499713
/storage/scratch/iee/dj20y461/FITNESS/data/raw/FITNESS_Run2/Lane1/Sample_LG_LO_19T_381_2-3015115/LG_LO_19T_381_2-3015115_S12_L001_R1_001.fastq.gz	11330157
/storage/scratch/iee/dj20y461/FITNESS/data/raw/FITNESS_Run2/Lane2/Sample_LG_LC_19T_361_2-3015207/LG_LC_19T_361_2-3015207_S19_L002_R1_001.fastq.gz	11394760
/storage/scratch/iee/dj20y461/FITNESS/data/raw/FITNESS_Run2/Lane1/Sample_WB_GL_19T_223_2-3015138/WB_GL_19T_223_2-3015138_S35_L001_R1_001.fastq.gz	11799528
/storage/scratch/iee/dj20y461/FITNESS/data/raw/FITNESS_Run2/Lane1/Sample_FG_GL_19T_443_2-3026850/FG_GL_19T_443_2-3026850_S36_L001_R1_001.fastq.gz	13694345
/storage/scratch/iee/dj20y461/FITNESS/data/raw/FITNESS_Run2/Lane2/Sample_FG_GL_19T_158_2-3015202/FG_GL_19T_158_2-3015202_S14_L002_R1_001.fastq.gz	13293345
/storage/scratch/iee/dj20y461/FITNESS/data/raw/FITNESS_Run2/Lane1/Sample_WT_GL_19T_062_2-3026902/WT_GL_19T_062_2-3026902_S38_L001_R1_001.fastq.gz	14026789
/storage/scratch/iee/dj20y461/FITNESS/data/raw/FITNESS_Run2/Lane3/Sample_SR_LO_19T_237_2-3016759/SR_LO_19T_237_2-3016759_S22_L003_R1_001.fastq.gz	14555907
/storage/scratch/iee/dj20y461/FITNESS/data/raw/FITNESS_Run2/Lane1/Sample_WT_CC_19T_152_2-3026918/WT_CC_19T_152_2-3026918_S54_L001_R1_001.fastq.gz	14544436
/storage/scratch/iee/dj20y461/FITNESS/data/raw/FITNESS_Run2/Lane4/Sample_LG_HL_19T_329_2-3016895/LG_HL_19T_329_2-3016895_S43_L004_R1_001.fastq.gz	15738595
/storage/scratch/iee/dj20y461/FITNESS/data/raw/FITNESS_Run2/Lane1/Sample_WT_LP_19T_013_2-3026915/WT_LP_19T_013_2-3026915_S51_L001_R1_001.fastq.gz	16205652
/storage/scratch/iee/dj20y461/FITNESS/data/raw/FITNESS_Run2/Lane4/Sample_SL_CL_19T_174_2-3016899/SL_CL_19T_174_2-3016899_S47_L004_R1_001.fastq.gz	17725307
/storage/scratch/iee/dj20y461/FITNESS/data/raw/FITNESS_Run2/Lane4/Sample_LG_HL_19T_331_2-3016872/LG_HL_19T_331_2-3016872_S21_L004_R1_001.fastq.gz	17791373
/storage/scratch/iee/dj20y461/FITNESS/data/raw/FITNESS_Run2/Lane1/Sample_SR_LO_19T_209_2-3026920/SR_LO_19T_209_2-3026920_S56_L001_R1_001.fastq.gz	19716139
/storage/scratch/iee/dj20y461/FITNESS/data/raw/FITNESS_Run2/Lane2/Sample_WT_CC_19T_167_2-3015141/WT_CC_19T_167_2-3015141_S3_L002_R1_001.fastq.gz	18541085
/storage/scratch/iee/dj20y461/FITNESS/data/raw/FITNESS_Run2/Lane1/Sample_WK_FL_19T_092_2-3026914/WK_FL_19T_092_2-3026914_S50_L001_R1_001.fastq.gz	18878857
/storage/scratch/iee/dj20y461/FITNESS/data/raw/FITNESS_Run2/Lane2/Sample_WB_LO_19T_150_2-3015239/WB_LO_19T_150_2-3015239_S51_L002_R1_001.fastq.gz	19788979
/storage/scratch/iee/dj20y461/FITNESS/data/raw/FITNESS_Run2/Lane2/Sample_SL_HL_19T_179_2-3015209/SL_HL_19T_179_2-3015209_S21_L002_R1_001.fastq.gz	20176395
/storage/scratch/iee/dj20y461/FITNESS/data/raw/FITNESS_Run2/Lane1/Sample_FG_LP_19T_028_2-3026907/FG_LP_19T_028_2-3026907_S43_L001_R1_001.fastq.gz	23155873
/storage/scratch/iee/dj20y461/FITNESS/data/raw/FITNESS_Run2/Lane2/Sample_WB_LO_19T_191_2-3015244/WB_LO_19T_191_2-3015244_S56_L002_R1_001.fastq.gz	21112762
/storage/scratch/iee/dj20y461/FITNESS/data/raw/FITNESS_Run2/Lane1/Sample_WK_HL_19T_143_2-3015104/WK_HL_19T_143_2-3015104_S1_L001_R1_001.fastq.gz	22697107
/storage/scratch/iee/dj20y461/FITNESS/data/raw/FITNESS_Run2/Lane1/Sample_SR_CL_19T_174_2-3026906/SR_CL_19T_174_2-3026906_S42_L001_R1_001.fastq.gz	25031525
/storage/scratch/iee/dj20y461/FITNESS/data/raw/FITNESS_Run2/Lane1/Sample_FG_GL_19T_122_2-3026921/FG_GL_19T_122_2-3026921_S57_L001_R1_001.fastq.gz	27431687
/storage/scratch/iee/dj20y461/FITNESS/data/raw/FITNESS_Run2/Lane2/Sample_WK_HL_19T_047_2-3015213/WK_HL_19T_047_2-3015213_S25_L002_R1_001.fastq.gz	25075706
/storage/scratch/iee/dj20y461/FITNESS/data/raw/FITNESS_Run2/Lane1/Sample_FG_LL_19T_214_2-3026905/FG_LL_19T_214_2-3026905_S41_L001_R1_001.fastq.gz	28709046
/storage/scratch/iee/dj20y461/FITNESS/data/raw/FITNESS_Run2/Lane2/Sample_TL_LL_19T_118_2-3016685/TL_LL_19T_118_2-3016685_S62_L002_R1_001.fastq.gz	26243795
/storage/scratch/iee/dj20y461/FITNESS/data/raw/FITNESS_Run2/Lane2/Sample_WT_LL_19T_224_2-3016684/WT_LL_19T_224_2-3016684_S61_L002_R1_001.fastq.gz	26328794
/storage/scratch/iee/dj20y461/FITNESS/data/raw/FITNESS_Run2/Lane2/Sample_FG_GL_19T_123_2-3015221/FG_GL_19T_123_2-3015221_S33_L002_R1_001.fastq.gz	26946349
/storage/scratch/iee/dj20y461/FITNESS/data/raw/FITNESS_Run2/Lane3/Sample_SL_CL_19T_193_2-3016761/SL_CL_19T_193_2-3016761_S24_L003_R1_001.fastq.gz	26780366
/storage/scratch/iee/dj20y461/FITNESS/data/raw/FITNESS_Run2/Lane2/Sample_LG_CL_19T_397_2-3016687/LG_CL_19T_397_2-3016687_S64_L002_R1_001.fastq.gz	27034416
/storage/scratch/iee/dj20y461/FITNESS/data/raw/FITNESS_Run2/Lane3/Sample_WK_HL_19T_034_2-3016798/WK_HL_19T_034_2-3016798_S61_L003_R1_001.fastq.gz	26993152
/storage/scratch/iee/dj20y461/FITNESS/data/raw/FITNESS_Run2/Lane4/Sample_WB_GL_19T_172_2-3016958/WB_GL_19T_172_2-3016958_S56_L004_R1_001.fastq.gz	27866802
/storage/scratch/iee/dj20y461/FITNESS/data/raw/FITNESS_Run2/Lane1/Sample_WT_CC_19T_076_2-3026913/WT_CC_19T_076_2-3026913_S49_L001_R1_001.fastq.gz	28272490
/storage/scratch/iee/dj20y461/FITNESS/data/raw/FITNESS_Run2/Lane2/Sample_FG_GL_19T_102_2-3015240/FG_GL_19T_102_2-3015240_S52_L002_R1_001.fastq.gz	27780812
/storage/scratch/iee/dj20y461/FITNESS/data/raw/FITNESS_Run2/Lane1/Sample_SL_RL_19T_099_2-3015129/SL_RL_19T_099_2-3015129_S26_L001_R1_001.fastq.gz	28490462
/storage/scratch/iee/dj20y461/FITNESS/data/raw/FITNESS_Run2/Lane1/Sample_SL_HL_19T_260_2-3026904/SL_HL_19T_260_2-3026904_S40_L001_R1_001.fastq.gz	29347789
/storage/scratch/iee/dj20y461/FITNESS/data/raw/FITNESS_Run2/Lane3/Sample_TL_CC_19T_168_2-3016760/TL_CC_19T_168_2-3016760_S23_L003_R1_001.fastq.gz	28934427
/storage/scratch/iee/dj20y461/FITNESS/data/raw/FITNESS_Run2/Lane1/Sample_WB_LL_19T_326_2-3026903/WB_LL_19T_326_2-3026903_S39_L001_R1_001.fastq.gz	29727534
/storage/scratch/iee/dj20y461/FITNESS/data/raw/FITNESS_Run2/Lane1/Sample_SL_HL_19T_182_2-3026924/SL_HL_19T_182_2-3026924_S60_L001_R1_001.fastq.gz	30774322
/storage/scratch/iee/dj20y461/FITNESS/data/raw/FITNESS_Run2/Lane1/Sample_WT_LL_19T_232_2-3026916/WT_LL_19T_232_2-3026916_S52_L001_R1_001.fastq.gz	30918490
/storage/scratch/iee/dj20y461/FITNESS/data/raw/FITNESS_Run2/Lane2/Sample_SL_HL_19T_303_2-3015139/SL_HL_19T_303_2-3015139_S1_L002_R1_001.fastq.gz	30068828
/storage/scratch/iee/dj20y461/FITNESS/data/raw/FITNESS_Run2/Lane4/Sample_TL_CC_19T_118_2-3016893/TL_CC_19T_118_2-3016893_S41_L004_R1_001.fastq.gz	30915591
/storage/scratch/iee/dj20y461/FITNESS/data/raw/FITNESS_Run2/Lane4/Sample_WK_HL_19T_160_2-3016862/WK_HL_19T_160_2-3016862_S11_L004_R1_001.fastq.gz	30981214
/storage/scratch/iee/dj20y461/FITNESS/data/raw/FITNESS_Run2/Lane1/Sample_WT_GL_19T_019_2-3026919/WT_GL_19T_019_2-3026919_S55_L001_R1_001.fastq.gz	31843952
/storage/scratch/iee/dj20y461/FITNESS/data/raw/FITNESS_Run2/Lane2/Sample_LG_CL_19T_359_2-3016686/LG_CL_19T_359_2-3016686_S63_L002_R1_001.fastq.gz	31735542
/storage/scratch/iee/dj20y461/FITNESS/data/raw/FITNESS_Run2/Lane3/Sample_TL_CC_19T_137_2-3016697/TL_CC_19T_137_2-3016697_S10_L003_R1_001.fastq.gz	32369535
/storage/scratch/iee/dj20y461/FITNESS/data/raw/FITNESS_Run2/Lane4/Sample_TL_GL_19T_025_2-3016868/TL_GL_19T_025_2-3016868_S17_L004_R1_001.fastq.gz	32786273
/storage/scratch/iee/dj20y461/FITNESS/data/raw/FITNESS_Run2/Lane4/Sample_WK_HL_19T_060_2-3016882/WK_HL_19T_060_2-3016882_S30_L004_R1_001.fastq.gz	32957663
/storage/scratch/iee/dj20y461/FITNESS/data/raw/FITNESS_Run2/Lane4/Sample_WK_HL_19T_155_2-3016888/WK_HL_19T_155_2-3016888_S36_L004_R1_001.fastq.gz	33557247
/storage/scratch/iee/dj20y461/FITNESS/data/raw/FITNESS_Run2/Lane3/Sample_LG_HL_19T_319_2-3016781/LG_HL_19T_319_2-3016781_S44_L003_R1_001.fastq.gz	32724442
/storage/scratch/iee/dj20y461/FITNESS/data/raw/FITNESS_Run2/Lane3/Sample_FG_CC_19T_181_2-3016784/FG_CC_19T_181_2-3016784_S47_L003_R1_001.fastq.gz	33210897
/storage/scratch/iee/dj20y461/FITNESS/data/raw/FITNESS_Run2/Lane2/Sample_WT_CC_19T_156_2-3015140/WT_CC_19T_156_2-3015140_S2_L002_R1_001.fastq.gz	32662289
/storage/scratch/iee/dj20y461/FITNESS/data/raw/FITNESS_Run2/Lane2/Sample_WK_FL_19T_014_2-3015218/WK_FL_19T_014_2-3015218_S30_L002_R1_001.fastq.gz	33409632
/storage/scratch/iee/dj20y461/FITNESS/data/raw/FITNESS_Run2/Lane4/Sample_WK_CL_19T_280_2-3016890/WK_CL_19T_280_2-3016890_S38_L004_R1_001.fastq.gz	34062369
/storage/scratch/iee/dj20y461/FITNESS/data/raw/FITNESS_Run2/Lane4/Sample_SL_HL_19T_266_2-3016877/SL_HL_19T_266_2-3016877_S26_L004_R1_001.fastq.gz	34571053
/storage/scratch/iee/dj20y461/FITNESS/data/raw/FITNESS_Run2/Lane3/Sample_LG_HL_19T_204_2-3016752/LG_HL_19T_204_2-3016752_S15_L003_R1_001.fastq.gz	33950702
/storage/scratch/iee/dj20y461/FITNESS/data/raw/FITNESS_Run2/Lane4/Sample_WK_FL_19T_011_2-3016961/WK_FL_19T_011_2-3016961_S59_L004_R1_001.fastq.gz	34293559
/storage/scratch/iee/dj20y461/FITNESS/data/raw/FITNESS_Run2/Lane4/Sample_FG_CC_19T_075_2-3016858/FG_CC_19T_075_2-3016858_S7_L004_R1_001.fastq.gz	34120253
/storage/scratch/iee/dj20y461/FITNESS/data/raw/FITNESS_Run2/Lane2/Sample_SL_HL_19T_305_2-3015212/SL_HL_19T_305_2-3015212_S24_L002_R1_001.fastq.gz	34070175
/storage/scratch/iee/dj20y461/FITNESS/data/raw/FITNESS_Run2/Lane3/Sample_SL_LO_19T_154_2-3016776/SL_LO_19T_154_2-3016776_S39_L003_R1_001.fastq.gz	34468604
/storage/scratch/iee/dj20y461/FITNESS/data/raw/FITNESS_Run2/Lane4/Sample_WT_CC_19T_122_2-3016873/WT_CC_19T_122_2-3016873_S22_L004_R1_001.fastq.gz	34975678
/storage/scratch/iee/dj20y461/FITNESS/data/raw/FITNESS_Run2/Lane3/Sample_LG_HL_19T_308_2-3016765/LG_HL_19T_308_2-3016765_S28_L003_R1_001.fastq.gz	34716672
/storage/scratch/iee/dj20y461/FITNESS/data/raw/FITNESS_Run2/Lane3/Sample_SR_LO_19T_230_2-3016790/SR_LO_19T_230_2-3016790_S53_L003_R1_001.fastq.gz	35013219
/storage/scratch/iee/dj20y461/FITNESS/data/raw/FITNESS_Run2/Lane4/Sample_LG_CL_19T_376_2-3016964/LG_CL_19T_376_2-3016964_S62_L004_R1_001.fastq.gz	35669059
/storage/scratch/iee/dj20y461/FITNESS/data/raw/FITNESS_Run2/Lane4/Sample_LG_CL_19T_390_2-3016871/LG_CL_19T_390_2-3016871_S20_L004_R1_001.fastq.gz	35562727
/storage/scratch/iee/dj20y461/FITNESS/data/raw/FITNESS_Run2/Lane3/Sample_WB_CC_19T_043_2-3016797/WB_CC_19T_043_2-3016797_S60_L003_R1_001.fastq.gz	35485769
/storage/scratch/iee/dj20y461/FITNESS/data/raw/FITNESS_Run2/Lane1/Sample_WK_HL_19T_031_2-3026908/WK_HL_19T_031_2-3026908_S44_L001_R1_001.fastq.gz	35950353
/storage/scratch/iee/dj20y461/FITNESS/data/raw/FITNESS_Run2/Lane2/Sample_SR_FL_19T_064_2-3015143/SR_FL_19T_064_2-3015143_S5_L002_R1_001.fastq.gz	35287431
/storage/scratch/iee/dj20y461/FITNESS/data/raw/FITNESS_Run2/Lane3/Sample_WK_RL_19T_186_2-3016799/WK_RL_19T_186_2-3016799_S62_L003_R1_001.fastq.gz	35717299
/storage/scratch/iee/dj20y461/FITNESS/data/raw/FITNESS_Run2/Lane3/Sample_WT_CC_19T_161_2-3016754/WT_CC_19T_161_2-3016754_S17_L003_R1_001.fastq.gz	35896494
/storage/scratch/iee/dj20y461/FITNESS/data/raw/FITNESS_Run2/Lane1/Sample_SL_HL_19T_308_2-3026927/SL_HL_19T_308_2-3026927_S63_L001_R1_001.fastq.gz	39101190
/storage/scratch/iee/dj20y461/FITNESS/data/raw/FITNESS_Run2/Lane1/Sample_SR_CL_19T_343_2-3015126/SR_CL_19T_343_2-3015126_S23_L001_R1_001.fastq.gz	39981578
/storage/scratch/iee/dj20y461/FITNESS/data/raw/FITNESS_Run2/Lane3/Sample_LG_HL_19T_283_2-3016692/LG_HL_19T_283_2-3016692_S5_L003_R1_001.fastq.gz	35948722
/storage/scratch/iee/dj20y461/FITNESS/data/raw/FITNESS_Run2/Lane3/Sample_WK_CL_19T_290_2-3016768/WK_CL_19T_290_2-3016768_S31_L003_R1_001.fastq.gz	35774845
/storage/scratch/iee/dj20y461/FITNESS/data/raw/FITNESS_Run2/Lane3/Sample_WK_LO_19T_089_2-3016777/WK_LO_19T_089_2-3016777_S40_L003_R1_001.fastq.gz	35977667
/storage/scratch/iee/dj20y461/FITNESS/data/raw/FITNESS_Run2/Lane2/Sample_FG_GL_19T_095_2-3015149/FG_GL_19T_095_2-3015149_S11_L002_R1_001.fastq.gz	37247984
/storage/scratch/iee/dj20y461/FITNESS/data/raw/FITNESS_Run2/Lane3/Sample_TL_LL_19T_266_2-3016770/TL_LL_19T_266_2-3016770_S33_L003_R1_001.fastq.gz	36126534
/storage/scratch/iee/dj20y461/FITNESS/data/raw/FITNESS_Run2/Lane3/Sample_SR_FL_19T_080_2-3016773/SR_FL_19T_080_2-3016773_S36_L003_R1_001.fastq.gz	36199272
/storage/scratch/iee/dj20y461/FITNESS/data/raw/FITNESS_Run2/Lane4/Sample_FG_CC_19T_060_2-3016876/FG_CC_19T_060_2-3016876_S25_L004_R1_001.fastq.gz	36034636
/storage/scratch/iee/dj20y461/FITNESS/data/raw/FITNESS_Run2/Lane4/Sample_LG_CL_19T_231_2-3016857/LG_CL_19T_231_2-3016857_S6_L004_R1_001.fastq.gz	36976276
/storage/scratch/iee/dj20y461/FITNESS/data/raw/FITNESS_Run2/Lane4/Sample_LG_HL_19T_276_2-3016897/LG_HL_19T_276_2-3016897_S45_L004_R1_001.fastq.gz	37192724
/storage/scratch/iee/dj20y461/FITNESS/data/raw/FITNESS_Run2/Lane4/Sample_SL_HL_19T_292_2-3016856/SL_HL_19T_292_2-3016856_S5_L004_R1_001.fastq.gz	37434427
/storage/scratch/iee/dj20y461/FITNESS/data/raw/FITNESS_Run2/Lane2/Sample_WK_LO_19T_096_2-3015203/WK_LO_19T_096_2-3015203_S15_L002_R1_001.fastq.gz	37000620
/storage/scratch/iee/dj20y461/FITNESS/data/raw/FITNESS_Run2/Lane4/Sample_SL_RL_19T_085_2-3016864/SL_RL_19T_085_2-3016864_S13_L004_R1_001.fastq.gz	37763074
/storage/scratch/iee/dj20y461/FITNESS/data/raw/FITNESS_Run2/Lane1/Sample_WK_LO_19T_083_2-3015123/WK_LO_19T_083_2-3015123_S20_L001_R1_001.fastq.gz	38102371
/storage/scratch/iee/dj20y461/FITNESS/data/raw/FITNESS_Run2/Lane2/Sample_WK_FL_19T_074_2-3015201/WK_FL_19T_074_2-3015201_S13_L002_R1_001.fastq.gz	37345536
/storage/scratch/iee/dj20y461/FITNESS/data/raw/FITNESS_Run2/Lane2/Sample_WK_LO_19T_022_2-3015147/WK_LO_19T_022_2-3015147_S9_L002_R1_001.fastq.gz	37801581
/storage/scratch/iee/dj20y461/FITNESS/data/raw/FITNESS_Run2/Lane4/Sample_WB_LL_19T_338_2-3016866/WB_LL_19T_338_2-3016866_S15_L004_R1_001.fastq.gz	37841619
/storage/scratch/iee/dj20y461/FITNESS/data/raw/FITNESS_Run2/Lane2/Sample_LG_RL_19T_002_2-3015217/LG_RL_19T_002_2-3015217_S29_L002_R1_001.fastq.gz	37289350
/storage/scratch/iee/dj20y461/FITNESS/data/raw/FITNESS_Run2/Lane4/Sample_LG_HL_19T_295_2-3016880/LG_HL_19T_295_2-3016880_S28_L004_R1_001.fastq.gz	38418674
/storage/scratch/iee/dj20y461/FITNESS/data/raw/FITNESS_Run2/Lane4/Sample_WK_HL_19T_144_2-3016951/WK_HL_19T_144_2-3016951_S49_L004_R1_001.fastq.gz	38583095
/storage/scratch/iee/dj20y461/FITNESS/data/raw/FITNESS_Run2/Lane4/Sample_WB_GL_19T_074_2-3016863/WB_GL_19T_074_2-3016863_S12_L004_R1_001.fastq.gz	37999942
/storage/scratch/iee/dj20y461/FITNESS/data/raw/FITNESS_Run2/Lane3/Sample_WT_LL_19T_058_2-3016792/WT_LL_19T_058_2-3016792_S55_L003_R1_001.fastq.gz	38195636
/storage/scratch/iee/dj20y461/FITNESS/data/raw/FITNESS_Run2/Lane3/Sample_SL_CL_19T_195_2-3016800/SL_CL_19T_195_2-3016800_S63_L003_R1_001.fastq.gz	37936307
/storage/scratch/iee/dj20y461/FITNESS/data/raw/FITNESS_Run2/Lane3/Sample_WT_LL_19T_172_2-3016779/WT_LL_19T_172_2-3016779_S42_L003_R1_001.fastq.gz	38330018
/storage/scratch/iee/dj20y461/FITNESS/data/raw/FITNESS_Run2/Lane2/Sample_WB_LL_19T_347_2-3015204/WB_LL_19T_347_2-3015204_S16_L002_R1_001.fastq.gz	38296327
/storage/scratch/iee/dj20y461/FITNESS/data/raw/FITNESS_Run2/Lane4/Sample_WB_GL_19T_175_2-3016860/WB_GL_19T_175_2-3016860_S9_L004_R1_001.fastq.gz	38608953
/storage/scratch/iee/dj20y461/FITNESS/data/raw/FITNESS_Run2/Lane3/Sample_LG_CL_19T_193_2-3016791/LG_CL_19T_193_2-3016791_S54_L003_R1_001.fastq.gz	38535604
/storage/scratch/iee/dj20y461/FITNESS/data/raw/FITNESS_Run2/Lane3/Sample_SR_HL_19T_432_2-3016778/SR_HL_19T_432_2-3016778_S41_L003_R1_001.fastq.gz	38691542
/storage/scratch/iee/dj20y461/FITNESS/data/raw/FITNESS_Run2/Lane3/Sample_WK_HL_19T_070_2-3016788/WK_HL_19T_070_2-3016788_S51_L003_R1_001.fastq.gz	38424123
/storage/scratch/iee/dj20y461/FITNESS/data/raw/FITNESS_Run2/Lane1/Sample_WK_RL_19T_041_2-3026928/WK_RL_19T_041_2-3026928_S64_L001_R1_001.fastq.gz	39439742
/storage/scratch/iee/dj20y461/FITNESS/data/raw/FITNESS_Run2/Lane2/Sample_WK_LO_19T_091_2-3015219/WK_LO_19T_091_2-3015219_S31_L002_R1_001.fastq.gz	38578230
/storage/scratch/iee/dj20y461/FITNESS/data/raw/FITNESS_Run2/Lane2/Sample_WB_LL_19T_342_2-3015224/WB_LL_19T_342_2-3015224_S36_L002_R1_001.fastq.gz	38481595
/storage/scratch/iee/dj20y461/FITNESS/data/raw/FITNESS_Run2/Lane3/Sample_WB_CC_19T_031_2-3016763/WB_CC_19T_031_2-3016763_S26_L003_R1_001.fastq.gz	38896954
/storage/scratch/iee/dj20y461/FITNESS/data/raw/FITNESS_Run2/Lane1/Sample_WT_LL_19T_052_2-3015127/WT_LL_19T_052_2-3015127_S24_L001_R1_001.fastq.gz	41559990
/storage/scratch/iee/dj20y461/FITNESS/data/raw/FITNESS_Run2/Lane4/Sample_LG_HL_19T_411_2-3016955/LG_HL_19T_411_2-3016955_S53_L004_R1_001.fastq.gz	39642644
/storage/scratch/iee/dj20y461/FITNESS/data/raw/FITNESS_Run2/Lane4/Sample_WK_HL_19T_073_2-3016854/WK_HL_19T_073_2-3016854_S3_L004_R1_001.fastq.gz	40012301
/storage/scratch/iee/dj20y461/FITNESS/data/raw/FITNESS_Run2/Lane4/Sample_TL_CC_19T_162_2-3016952/TL_CC_19T_162_2-3016952_S50_L004_R1_001.fastq.gz	39514230
/storage/scratch/iee/dj20y461/FITNESS/data/raw/FITNESS_Run2/Lane3/Sample_SL_LO_19T_159_2-3016700/SL_LO_19T_159_2-3016700_S13_L003_R1_001.fastq.gz	39344680
/storage/scratch/iee/dj20y461/FITNESS/data/raw/FITNESS_Run2/Lane4/Sample_LG_LO_19T_254_2-3016956/LG_LO_19T_254_2-3016956_S54_L004_R1_001.fastq.gz	40392406
/storage/scratch/iee/dj20y461/FITNESS/data/raw/FITNESS_Run2/Lane3/Sample_TL_CC_19T_169_2-3016769/TL_CC_19T_169_2-3016769_S32_L003_R1_001.fastq.gz	40293982
/storage/scratch/iee/dj20y461/FITNESS/data/raw/FITNESS_Run2/Lane4/Sample_WT_LO_19T_279_2-3016852/WT_LO_19T_279_2-3016852_S1_L004_R1_001.fastq.gz	39967559
/storage/scratch/iee/dj20y461/FITNESS/data/raw/FITNESS_Run2/Lane3/Sample_WK_HL_19T_065_2-3016772/WK_HL_19T_065_2-3016772_S35_L003_R1_001.fastq.gz	39782232
/storage/scratch/iee/dj20y461/FITNESS/data/raw/FITNESS_Run2/Lane2/Sample_WK_LO_19T_049_2-3015235/WK_LO_19T_049_2-3015235_S47_L002_R1_001.fastq.gz	40126795
/storage/scratch/iee/dj20y461/FITNESS/data/raw/FITNESS_Run2/Lane3/Sample_LG_CL_19T_227_2-3016695/LG_CL_19T_227_2-3016695_S8_L003_R1_001.fastq.gz	39799216
/storage/scratch/iee/dj20y461/FITNESS/data/raw/FITNESS_Run2/Lane4/Sample_SR_HL_19T_421_2-3016874/SR_HL_19T_421_2-3016874_S23_L004_R1_001.fastq.gz	39976288
/storage/scratch/iee/dj20y461/FITNESS/data/raw/FITNESS_Run2/Lane2/Sample_LG_HL_19T_264_2-3015230/LG_HL_19T_264_2-3015230_S42_L002_R1_001.fastq.gz	40974547
/storage/scratch/iee/dj20y461/FITNESS/data/raw/FITNESS_Run2/Lane3/Sample_LG_CL_19T_234_2-3016766/LG_CL_19T_234_2-3016766_S29_L003_R1_001.fastq.gz	39881307
/storage/scratch/iee/dj20y461/FITNESS/data/raw/FITNESS_Run2/Lane4/Sample_SL_LO_19T_185_2-3016892/SL_LO_19T_185_2-3016892_S40_L004_R1_001.fastq.gz	40174372
/storage/scratch/iee/dj20y461/FITNESS/data/raw/FITNESS_Run2/Lane3/Sample_TL_LO_19T_118_2-3016795/TL_LO_19T_118_2-3016795_S58_L003_R1_001.fastq.gz	40030677
/storage/scratch/iee/dj20y461/FITNESS/data/raw/FITNESS_Run2/Lane4/Sample_WK_LO_19T_097_2-3016889/WK_LO_19T_097_2-3016889_S37_L004_R1_001.fastq.gz	40020277
/storage/scratch/iee/dj20y461/FITNESS/data/raw/FITNESS_Run2/Lane2/Sample_WT_LL_19T_169_2-3015237/WT_LL_19T_169_2-3015237_S49_L002_R1_001.fastq.gz	40246423
/storage/scratch/iee/dj20y461/FITNESS/data/raw/FITNESS_Run2/Lane3/Sample_SL_HL_19T_235_2-3016783/SL_HL_19T_235_2-3016783_S46_L003_R1_001.fastq.gz	39816858
/storage/scratch/iee/dj20y461/FITNESS/data/raw/FITNESS_Run2/Lane4/Sample_SL_HL_19T_180_2-3016878/SL_HL_19T_180_2-3016878_S27_L004_R1_001.fastq.gz	40538053
/storage/scratch/iee/dj20y461/FITNESS/data/raw/FITNESS_Run2/Lane3/Sample_SL_HL_19T_258_2-3016753/SL_HL_19T_258_2-3016753_S16_L003_R1_001.fastq.gz	39854333
/storage/scratch/iee/dj20y461/FITNESS/data/raw/FITNESS_Run2/Lane4/Sample_LG_RL_19T_030_2-3016861/LG_RL_19T_030_2-3016861_S10_L004_R1_001.fastq.gz	40865922
/storage/scratch/iee/dj20y461/FITNESS/data/raw/FITNESS_Run2/Lane2/Sample_LG_HL_19T_412_2-3015229/LG_HL_19T_412_2-3015229_S41_L002_R1_001.fastq.gz	40162795
/storage/scratch/iee/dj20y461/FITNESS/data/raw/FITNESS_Run2/Lane3/Sample_WK_HL_19T_003_2-3016796/WK_HL_19T_003_2-3016796_S59_L003_R1_001.fastq.gz	40606155
/storage/scratch/iee/dj20y461/FITNESS/data/raw/FITNESS_Run2/Lane1/Sample_LG_CL_19T_247_2-3015135/LG_CL_19T_247_2-3015135_S32_L001_R1_001.fastq.gz	46933695
/storage/scratch/iee/dj20y461/FITNESS/data/raw/FITNESS_Run2/Lane4/Sample_WT_CC_19T_126_2-3016859/WT_CC_19T_126_2-3016859_S8_L004_R1_001.fastq.gz	40957284
/storage/scratch/iee/dj20y461/FITNESS/data/raw/FITNESS_Run2/Lane3/Sample_WK_CL_19T_028_2-3016758/WK_CL_19T_028_2-3016758_S21_L003_R1_001.fastq.gz	41170633
/storage/scratch/iee/dj20y461/FITNESS/data/raw/FITNESS_Run2/Lane3/Sample_SR_HL_19T_427_2-3016762/SR_HL_19T_427_2-3016762_S25_L003_R1_001.fastq.gz	41520375
/storage/scratch/iee/dj20y461/FITNESS/data/raw/FITNESS_Run2/Lane4/Sample_TL_LL_19T_257_2-3016855/TL_LL_19T_257_2-3016855_S4_L004_R1_001.fastq.gz	41264731
/storage/scratch/iee/dj20y461/FITNESS/data/raw/FITNESS_Run2/Lane3/Sample_TL_CC_19T_143_2-3016755/TL_CC_19T_143_2-3016755_S18_L003_R1_001.fastq.gz	42115366
/storage/scratch/iee/dj20y461/FITNESS/data/raw/FITNESS_Run2/Lane3/Sample_WB_LL_19T_348_2-3016771/WB_LL_19T_348_2-3016771_S34_L003_R1_001.fastq.gz	41501102
/storage/scratch/iee/dj20y461/FITNESS/data/raw/FITNESS_Run2/Lane2/Sample_LG_LO_19T_242_2-3015205/LG_LO_19T_242_2-3015205_S17_L002_R1_001.fastq.gz	41109209
/storage/scratch/iee/dj20y461/FITNESS/data/raw/FITNESS_Run2/Lane3/Sample_WB_GL_19T_222_2-3016696/WB_GL_19T_222_2-3016696_S9_L003_R1_001.fastq.gz	41738751
/storage/scratch/iee/dj20y461/FITNESS/data/raw/FITNESS_Run2/Lane3/Sample_SL_HL_19T_247_2-3016789/SL_HL_19T_247_2-3016789_S52_L003_R1_001.fastq.gz	41073576
/storage/scratch/iee/dj20y461/FITNESS/data/raw/FITNESS_Run2/Lane2/Sample_TL_LL_19T_084_2-3015226/TL_LL_19T_084_2-3015226_S38_L002_R1_001.fastq.gz	41762574
/storage/scratch/iee/dj20y461/FITNESS/data/raw/FITNESS_Run2/Lane1/Sample_SL_CL_19T_180_2-3015106/SL_CL_19T_180_2-3015106_S3_L001_R1_001.fastq.gz	44428192
/storage/scratch/iee/dj20y461/FITNESS/data/raw/FITNESS_Run2/Lane2/Sample_SL_CL_19T_378_2-3015225/SL_CL_19T_378_2-3015225_S37_L002_R1_001.fastq.gz	41135191
/storage/scratch/iee/dj20y461/FITNESS/data/raw/FITNESS_Run2/Lane2/Sample_TL_GL_19T_219_2-3015146/TL_GL_19T_219_2-3015146_S8_L002_R1_001.fastq.gz	41392136
/storage/scratch/iee/dj20y461/FITNESS/data/raw/FITNESS_Run2/Lane4/Sample_SL_LO_19T_169_2-3016865/SL_LO_19T_169_2-3016865_S14_L004_R1_001.fastq.gz	42787822
/storage/scratch/iee/dj20y461/FITNESS/data/raw/FITNESS_Run2/Lane4/Sample_WK_CL_19T_289_2-3016962/WK_CL_19T_289_2-3016962_S60_L004_R1_001.fastq.gz	42742468
/storage/scratch/iee/dj20y461/FITNESS/data/raw/FITNESS_Run2/Lane1/Sample_LG_RL_19T_087_2-3026917/LG_RL_19T_087_2-3026917_S53_L001_R1_001.fastq.gz	45548846
/storage/scratch/iee/dj20y461/FITNESS/data/raw/FITNESS_Run2/Lane3/Sample_WK_LO_19T_021_2-3016751/WK_LO_19T_021_2-3016751_S14_L003_R1_001.fastq.gz	41203032
/storage/scratch/iee/dj20y461/FITNESS/data/raw/FITNESS_Run2/Lane4/Sample_WB_GL_19T_199_2-3016894/WB_GL_19T_199_2-3016894_S42_L004_R1_001.fastq.gz	42807392
/storage/scratch/iee/dj20y461/FITNESS/data/raw/FITNESS_Run2/Lane4/Sample_WT_GL_19T_072_2-3016891/WT_GL_19T_072_2-3016891_S39_L004_R1_001.fastq.gz	42338229
/storage/scratch/iee/dj20y461/FITNESS/data/raw/FITNESS_Run2/Lane3/Sample_WK_FL_19T_085_2-3016757/WK_FL_19T_085_2-3016757_S20_L003_R1_001.fastq.gz	41929987
/storage/scratch/iee/dj20y461/FITNESS/data/raw/FITNESS_Run2/Lane2/Sample_LG_RL_19T_078_2-3015210/LG_RL_19T_078_2-3015210_S22_L002_R1_001.fastq.gz	41963789
/storage/scratch/iee/dj20y461/FITNESS/data/raw/FITNESS_Run2/Lane3/Sample_WT_LL_19T_048_2-3016774/WT_LL_19T_048_2-3016774_S37_L003_R1_001.fastq.gz	42661003
/storage/scratch/iee/dj20y461/FITNESS/data/raw/FITNESS_Run2/Lane1/Sample_LG_HL_19T_394_2-3015122/LG_HL_19T_394_2-3015122_S19_L001_R1_001.fastq.gz	46655478
/storage/scratch/iee/dj20y461/FITNESS/data/raw/FITNESS_Run2/Lane3/Sample_SL_HL_19T_270_2-3016785/SL_HL_19T_270_2-3016785_S48_L003_R1_001.fastq.gz	42500393
/storage/scratch/iee/dj20y461/FITNESS/data/raw/FITNESS_Run2/Lane4/Sample_WB_GL_19T_239_2-3016875/WB_GL_19T_239_2-3016875_S24_L004_R1_001.fastq.gz	43238909
/storage/scratch/iee/dj20y461/FITNESS/data/raw/FITNESS_Run2/Lane3/Sample_SR_CL_19T_332_2-3016794/SR_CL_19T_332_2-3016794_S57_L003_R1_001.fastq.gz	42266584
/storage/scratch/iee/dj20y461/FITNESS/data/raw/FITNESS_Run2/Lane4/Sample_SR_RL_19T_018_2-3016853/SR_RL_19T_018_2-3016853_S2_L004_R1_001.fastq.gz	43411662
/storage/scratch/iee/dj20y461/FITNESS/data/raw/FITNESS_Run2/Lane2/Sample_TL_LL_19T_271_2-3015233/TL_LL_19T_271_2-3015233_S45_L002_R1_001.fastq.gz	42373902
/storage/scratch/iee/dj20y461/FITNESS/data/raw/FITNESS_Run2/Lane4/Sample_TL_LO_19T_112_2-3016954/TL_LO_19T_112_2-3016954_S52_L004_R1_001.fastq.gz	43732143
/storage/scratch/iee/dj20y461/FITNESS/data/raw/FITNESS_Run2/Lane4/Sample_WT_LL_19T_055_2-3016965/WT_LL_19T_055_2-3016965_S63_L004_R1_001.fastq.gz	43434183
/storage/scratch/iee/dj20y461/FITNESS/data/raw/FITNESS_Run2/Lane3/Sample_TL_GL_19T_230_2-3016780/TL_GL_19T_230_2-3016780_S43_L003_R1_001.fastq.gz	44535934
/storage/scratch/iee/dj20y461/FITNESS/data/raw/FITNESS_Run2/Lane4/Sample_WK_RL_19T_010_2-3016881/WK_RL_19T_010_2-3016881_S29_L004_R1_001.fastq.gz	43540662
/storage/scratch/iee/dj20y461/FITNESS/data/raw/FITNESS_Run2/Lane1/Sample_WT_LL_19T_184_2-3015119/WT_LL_19T_184_2-3015119_S16_L001_R1_001.fastq.gz	46631676
/storage/scratch/iee/dj20y461/FITNESS/data/raw/FITNESS_Run2/Lane3/Sample_SR_FL_19T_061_2-3016699/SR_FL_19T_061_2-3016699_S12_L003_R1_001.fastq.gz	42963995
/storage/scratch/iee/dj20y461/FITNESS/data/raw/FITNESS_Run2/Lane3/Sample_WK_HL_19T_032_2-3016767/WK_HL_19T_032_2-3016767_S30_L003_R1_001.fastq.gz	43681349
/storage/scratch/iee/dj20y461/FITNESS/data/raw/FITNESS_Run2/Lane4/Sample_FG_LL_19T_243_2-3016883/FG_LL_19T_243_2-3016883_S31_L004_R1_001.fastq.gz	45225206
/storage/scratch/iee/dj20y461/FITNESS/data/raw/FITNESS_Run2/Lane2/Sample_SR_FL_19T_042_2-3015241/SR_FL_19T_042_2-3015241_S53_L002_R1_001.fastq.gz	43336834
/storage/scratch/iee/dj20y461/FITNESS/data/raw/FITNESS_Run2/Lane4/Sample_LG_RL_19T_042_2-3016869/LG_RL_19T_042_2-3016869_S18_L004_R1_001.fastq.gz	44586354
/storage/scratch/iee/dj20y461/FITNESS/data/raw/FITNESS_Run2/Lane2/Sample_LG_HL_19T_402_2-3015144/LG_HL_19T_402_2-3015144_S6_L002_R1_001.fastq.gz	43443475
/storage/scratch/iee/dj20y461/FITNESS/data/raw/FITNESS_Run2/Lane3/Sample_SL_HL_19T_304_2-3016694/SL_HL_19T_304_2-3016694_S7_L003_R1_001.fastq.gz	43126934
/storage/scratch/iee/dj20y461/FITNESS/data/raw/FITNESS_Run2/Lane1/Sample_SL_FL_19T_024_2-3015121/SL_FL_19T_024_2-3015121_S18_L001_R1_001.fastq.gz	49421629
/storage/scratch/iee/dj20y461/FITNESS/data/raw/FITNESS_Run2/Lane4/Sample_SL_HL_19T_263_2-3016966/SL_HL_19T_263_2-3016966_S64_L004_R1_001.fastq.gz	44986544
/storage/scratch/iee/dj20y461/FITNESS/data/raw/FITNESS_Run2/Lane4/Sample_TL_LL_19T_093_2-3016867/TL_LL_19T_093_2-3016867_S16_L004_R1_001.fastq.gz	44718234
/storage/scratch/iee/dj20y461/FITNESS/data/raw/FITNESS_Run2/Lane4/Sample_SL_LO_19T_130_2-3016957/SL_LO_19T_130_2-3016957_S55_L004_R1_001.fastq.gz	45116638
/storage/scratch/iee/dj20y461/FITNESS/data/raw/FITNESS_Run2/Lane4/Sample_WK_CL_19T_248_2-3016963/WK_CL_19T_248_2-3016963_S61_L004_R1_001.fastq.gz	46303965
/storage/scratch/iee/dj20y461/FITNESS/data/raw/FITNESS_Run2/Lane2/Sample_LG_HL_19T_370_2-3015231/LG_HL_19T_370_2-3015231_S43_L002_R1_001.fastq.gz	46308946
/storage/scratch/iee/dj20y461/FITNESS/data/raw/FITNESS_Run2/Lane2/Sample_SL_HL_19T_264_2-3015211/SL_HL_19T_264_2-3015211_S23_L002_R1_001.fastq.gz	44211657
/storage/scratch/iee/dj20y461/FITNESS/data/raw/FITNESS_Run2/Lane2/Sample_WB_LL_19T_309_2-3015242/WB_LL_19T_309_2-3015242_S54_L002_R1_001.fastq.gz	44810265
/storage/scratch/iee/dj20y461/FITNESS/data/raw/FITNESS_Run2/Lane1/Sample_TL_GL_19T_001_2-3026923/TL_GL_19T_001_2-3026923_S59_L001_R1_001.fastq.gz	50113189
/storage/scratch/iee/dj20y461/FITNESS/data/raw/FITNESS_Run2/Lane2/Sample_SL_RL_19T_155_2-3015145/SL_RL_19T_155_2-3015145_S7_L002_R1_001.fastq.gz	44964359
/storage/scratch/iee/dj20y461/FITNESS/data/raw/FITNESS_Run2/Lane3/Sample_LG_FL_19T_008_2-3016787/LG_FL_19T_008_2-3016787_S50_L003_R1_001.fastq.gz	45957299
/storage/scratch/iee/dj20y461/FITNESS/data/raw/FITNESS_Run2/Lane2/Sample_TL_GL_19T_012_2-3015206/TL_GL_19T_012_2-3015206_S18_L002_R1_001.fastq.gz	44807997
/storage/scratch/iee/dj20y461/FITNESS/data/raw/FITNESS_Run2/Lane2/Sample_WB_CC_19T_026_2-3015220/WB_CC_19T_026_2-3015220_S32_L002_R1_001.fastq.gz	45116729
/storage/scratch/iee/dj20y461/FITNESS/data/raw/FITNESS_Run2/Lane4/Sample_WK_RL_19T_017_2-3016953/WK_RL_19T_017_2-3016953_S51_L004_R1_001.fastq.gz	45975012
/storage/scratch/iee/dj20y461/FITNESS/data/raw/FITNESS_Run2/Lane2/Sample_WT_LO_19T_064_2-3015150/WT_LO_19T_064_2-3015150_S12_L002_R1_001.fastq.gz	46049531
/storage/scratch/iee/dj20y461/FITNESS/data/raw/FITNESS_Run2/Lane2/Sample_LG_LO_19T_234_2-3015245/LG_LO_19T_234_2-3015245_S57_L002_R1_001.fastq.gz	45868523
/storage/scratch/iee/dj20y461/FITNESS/data/raw/FITNESS_Run2/Lane2/Sample_WT_LO_19T_289_2-3015238/WT_LO_19T_289_2-3015238_S50_L002_R1_001.fastq.gz	46068522
/storage/scratch/iee/dj20y461/FITNESS/data/raw/FITNESS_Run2/Lane2/Sample_WK_LO_19T_085_2-3015214/WK_LO_19T_085_2-3015214_S26_L002_R1_001.fastq.gz	47191849
/storage/scratch/iee/dj20y461/FITNESS/data/raw/FITNESS_Run2/Lane4/Sample_WK_RL_19T_036_2-3016898/WK_RL_19T_036_2-3016898_S46_L004_R1_001.fastq.gz	46559908
/storage/scratch/iee/dj20y461/FITNESS/data/raw/FITNESS_Run2/Lane4/Sample_TL_LO_19T_109_2-3016900/TL_LO_19T_109_2-3016900_S48_L004_R1_001.fastq.gz	46748717
/storage/scratch/iee/dj20y461/FITNESS/data/raw/FITNESS_Run2/Lane3/Sample_SL_RL_19T_119_2-3016693/SL_RL_19T_119_2-3016693_S6_L003_R1_001.fastq.gz	45625153
/storage/scratch/iee/dj20y461/FITNESS/data/raw/FITNESS_Run2/Lane2/Sample_WB_LO_19T_116_2-3015222/WB_LO_19T_116_2-3015222_S34_L002_R1_001.fastq.gz	47586576
/storage/scratch/iee/dj20y461/FITNESS/data/raw/FITNESS_Run2/Lane3/Sample_WK_FL_19T_064_2-3016691/WK_FL_19T_064_2-3016691_S4_L003_R1_001.fastq.gz	47306566
/storage/scratch/iee/dj20y461/FITNESS/data/raw/FITNESS_Run2/Lane2/Sample_WK_RL_19T_074_2-3015227/WK_RL_19T_074_2-3015227_S39_L002_R1_001.fastq.gz	46937942
/storage/scratch/iee/dj20y461/FITNESS/data/raw/FITNESS_Run2/Lane2/Sample_LG_HL_19T_358_2-3015208/LG_HL_19T_358_2-3015208_S20_L002_R1_001.fastq.gz	48811867
/storage/scratch/iee/dj20y461/FITNESS/data/raw/FITNESS_Run2/Lane1/Sample_LG_LO_19T_249_2-3015132/LG_LO_19T_249_2-3015132_S29_L001_R1_001.fastq.gz	52359932
/storage/scratch/iee/dj20y461/FITNESS/data/raw/FITNESS_Run2/Lane3/Sample_SL_LO_19T_116_2-3016793/SL_LO_19T_116_2-3016793_S56_L003_R1_001.fastq.gz	47944497
/storage/scratch/iee/dj20y461/FITNESS/data/raw/FITNESS_Run2/Lane4/Sample_SR_LO_19T_219_2-3016896/SR_LO_19T_219_2-3016896_S44_L004_R1_001.fastq.gz	48975687
/storage/scratch/iee/dj20y461/FITNESS/data/raw/FITNESS_Run2/Lane3/Sample_WK_RL_19T_027_2-3016775/WK_RL_19T_027_2-3016775_S38_L003_R1_001.fastq.gz	49078905
/storage/scratch/iee/dj20y461/FITNESS/data/raw/FITNESS_Run2/Lane3/Sample_SR_CL_19T_337_2-3016698/SR_CL_19T_337_2-3016698_S11_L003_R1_001.fastq.gz	48186816
/storage/scratch/iee/dj20y461/FITNESS/data/raw/FITNESS_Run2/Lane2/Sample_WT_LL_19T_011_2-3015215/WT_LL_19T_011_2-3015215_S27_L002_R1_001.fastq.gz	48844312
/storage/scratch/iee/dj20y461/FITNESS/data/raw/FITNESS_Run2/Lane4/Sample_WB_LO_19T_147_2-3016884/WB_LO_19T_147_2-3016884_S32_L004_R1_001.fastq.gz	51087413
/storage/scratch/iee/dj20y461/FITNESS/data/raw/FITNESS_Run2/Lane3/Sample_FG_CC_19T_006_2-3016786/FG_CC_19T_006_2-3016786_S49_L003_R1_001.fastq.gz	49525456
/storage/scratch/iee/dj20y461/FITNESS/data/raw/FITNESS_Run2/Lane2/Sample_SR_HL_19T_448_2-3015223/SR_HL_19T_448_2-3015223_S35_L002_R1_001.fastq.gz	48004514
/storage/scratch/iee/dj20y461/FITNESS/data/raw/FITNESS_Run2/Lane1/Sample_TL_GL_19T_042_2-3015136/TL_GL_19T_042_2-3015136_S33_L001_R1_001.fastq.gz	56498297
/storage/scratch/iee/dj20y461/FITNESS/data/raw/FITNESS_Run2/Lane2/Sample_TL_LO_19T_168_2-3015248/TL_LO_19T_168_2-3015248_S60_L002_R1_001.fastq.gz	47873391
/storage/scratch/iee/dj20y461/FITNESS/data/raw/FITNESS_Run2/Lane3/Sample_LG_RL_19T_080_2-3016688/LG_RL_19T_080_2-3016688_S1_L003_R1_001.fastq.gz	50448432
/storage/scratch/iee/dj20y461/FITNESS/data/raw/FITNESS_Run2/Lane2/Sample_LG_HL_19T_403_2-3015142/LG_HL_19T_403_2-3015142_S4_L002_R1_001.fastq.gz	49558492
/storage/scratch/iee/dj20y461/FITNESS/data/raw/FITNESS_Run2/Lane2/Sample_SR_CL_19T_305_2-3015234/SR_CL_19T_305_2-3015234_S46_L002_R1_001.fastq.gz	49156930
/storage/scratch/iee/dj20y461/FITNESS/data/raw/FITNESS_Run2/Lane4/Sample_WT_GL_19T_018_2-3016959/WT_GL_19T_018_2-3016959_S57_L004_R1_001.fastq.gz	50249628
/storage/scratch/iee/dj20y461/FITNESS/data/raw/FITNESS_Run2/Lane4/Sample_FG_CC_19T_020_2-3016960/FG_CC_19T_020_2-3016960_S58_L004_R1_001.fastq.gz	51667239
/storage/scratch/iee/dj20y461/FITNESS/data/raw/FITNESS_Run2/Lane1/Sample_TL_LL_19T_092_2-3015112/TL_LL_19T_092_2-3015112_S9_L001_R1_001.fastq.gz	48726058
/storage/scratch/iee/dj20y461/FITNESS/data/raw/FITNESS_Run2/Lane4/Sample_FG_CC_19T_070_2-3016887/FG_CC_19T_070_2-3016887_S35_L004_R1_001.fastq.gz	51587939
/storage/scratch/iee/dj20y461/FITNESS/data/raw/FITNESS_Run2/Lane3/Sample_SL_LO_19T_150_2-3016690/SL_LO_19T_150_2-3016690_S3_L003_R1_001.fastq.gz	51037967
/storage/scratch/iee/dj20y461/FITNESS/data/raw/FITNESS_Run2/Lane1/Sample_WB_GL_19T_237_2-3015105/WB_GL_19T_237_2-3015105_S2_L001_R1_001.fastq.gz	49452398
/storage/scratch/iee/dj20y461/FITNESS/data/raw/FITNESS_Run2/Lane3/Sample_TL_LL_19T_268_2-3016764/TL_LL_19T_268_2-3016764_S27_L003_R1_001.fastq.gz	53126567
/storage/scratch/iee/dj20y461/FITNESS/data/raw/FITNESS_Run2/Lane2/Sample_LG_HL_19T_404_2-3015236/LG_HL_19T_404_2-3015236_S48_L002_R1_001.fastq.gz	52864692
/storage/scratch/iee/dj20y461/FITNESS/data/raw/FITNESS_Run2/Lane4/Sample_TL_LL_19T_112_2-3016886/TL_LL_19T_112_2-3016886_S34_L004_R1_001.fastq.gz	54001549
/storage/scratch/iee/dj20y461/FITNESS/data/raw/FITNESS_Run2/Lane2/Sample_SL_HL_19T_310_2-3015148/SL_HL_19T_310_2-3015148_S10_L002_R1_001.fastq.gz	53298081
/storage/scratch/iee/dj20y461/FITNESS/data/raw/FITNESS_Run2/Lane3/Sample_LG_HL_19T_382_2-3016756/LG_HL_19T_382_2-3016756_S19_L003_R1_001.fastq.gz	55282759
/storage/scratch/iee/dj20y461/FITNESS/data/raw/FITNESS_Run2/Lane3/Sample_WK_CL_19T_040_2-3016689/WK_CL_19T_040_2-3016689_S2_L003_R1_001.fastq.gz	58352285
/storage/scratch/iee/dj20y461/FITNESS/data/raw/FITNESS_Run2/Lane2/Sample_SR_HL_19T_431_2-3015232/SR_HL_19T_431_2-3015232_S44_L002_R1_001.fastq.gz	54638398
/storage/scratch/iee/dj20y461/FITNESS/data/raw/FITNESS_Run2/Lane1/Sample_TL_GL_19T_240_2-3015113/TL_GL_19T_240_2-3015113_S10_L001_R1_001.fastq.gz	61171475
/storage/scratch/iee/dj20y461/FITNESS/data/raw/FITNESS_Run2/Lane2/Sample_WB_LL_19T_349_2-3015247/WB_LL_19T_349_2-3015247_S59_L002_R1_001.fastq.gz	55368360
/storage/scratch/iee/dj20y461/FITNESS/data/raw/FITNESS_Run2/Lane2/Sample_WT_LO_19T_065_2-3015246/WT_LO_19T_065_2-3015246_S58_L002_R1_001.fastq.gz	56847722
/storage/scratch/iee/dj20y461/FITNESS/data/raw/FITNESS_Run2/Lane4/Sample_WB_CC_19T_006_2-3016885/WB_CC_19T_006_2-3016885_S33_L004_R1_001.fastq.gz	57747255
/storage/scratch/iee/dj20y461/FITNESS/data/raw/FITNESS_Run2/Lane1/Sample_TL_LL_19T_116_2-3015120/TL_LL_19T_116_2-3015120_S17_L001_R1_001.fastq.gz	54039881
/storage/scratch/iee/dj20y461/FITNESS/data/raw/FITNESS_Run2/Lane1/Sample_LG_HL_19T_362_2-3015108/LG_HL_19T_362_2-3015108_S5_L001_R1_001.fastq.gz	60360889
/storage/scratch/iee/dj20y461/FITNESS/data/raw/FITNESS_Run2/Lane3/Sample_WT_CC_19T_085_2-3016851/WT_CC_19T_085_2-3016851_S64_L003_R1_001.fastq.gz	57762201
/storage/scratch/iee/dj20y461/FITNESS/data/raw/FITNESS_Run2/Lane1/Sample_WK_CL_19T_252_2-3015130/WK_CL_19T_252_2-3015130_S27_L001_R1_001.fastq.gz	58669741
/storage/scratch/iee/dj20y461/FITNESS/data/raw/FITNESS_Run2/Lane1/Sample_SR_HL_19T_438_2-3015134/SR_HL_19T_438_2-3015134_S31_L001_R1_001.fastq.gz	62820396
/storage/scratch/iee/dj20y461/FITNESS/data/raw/FITNESS_Run2/Lane1/Sample_SL_FL_19T_045_2-3015124/SL_FL_19T_045_2-3015124_S21_L001_R1_001.fastq.gz	62611374
/storage/scratch/iee/dj20y461/FITNESS/data/raw/FITNESS_Run2/Lane1/Sample_WB_LL_19T_257_2-3026901/WB_LL_19T_257_2-3026901_S37_L001_R1_001.fastq.gz	55575258
/storage/scratch/iee/dj20y461/FITNESS/data/raw/FITNESS_Run2/Lane1/Sample_WT_LP_19T_068_2-3015131/WT_LP_19T_068_2-3015131_S28_L001_R1_001.fastq.gz	61653622
/storage/scratch/iee/dj20y461/FITNESS/data/raw/FITNESS_Run2/Lane2/Sample_WT_LO_19T_107_2-3015216/WT_LO_19T_107_2-3015216_S28_L002_R1_001.fastq.gz	60380841
/storage/scratch/iee/dj20y461/FITNESS/data/raw/FITNESS_Run2/Lane1/Sample_WB_CC_19T_022_2-3015128/WB_CC_19T_022_2-3015128_S25_L001_R1_001.fastq.gz	58680261
/storage/scratch/iee/dj20y461/FITNESS/data/raw/FITNESS_Run2/Lane1/Sample_WB_LP_19T_074_2-3015109/WB_LP_19T_074_2-3015109_S6_L001_R1_001.fastq.gz	67033146
/storage/scratch/iee/dj20y461/FITNESS/data/raw/FITNESS_Run2/Lane1/Sample_WK_RL_19T_073_2-3015137/WK_RL_19T_073_2-3015137_S34_L001_R1_001.fastq.gz	68361619
/storage/scratch/iee/dj20y461/FITNESS/data/raw/FITNESS_Run2/Lane1/Sample_WB_GL_19T_250_2-3015133/WB_GL_19T_250_2-3015133_S30_L001_R1_001.fastq.gz	64431633
/storage/scratch/iee/dj20y461/FITNESS/data/raw/FITNESS_Run2/Lane1/Sample_WT_LP_19T_009_2-3015117/WT_LP_19T_009_2-3015117_S14_L001_R1_001.fastq.gz	72807441
/storage/scratch/iee/dj20y461/FITNESS/data/raw/FITNESS_Run2/Lane1/Sample_LG_LO_19T_288_2-3015114/LG_LO_19T_288_2-3015114_S11_L001_R1_001.fastq.gz	73656516
/storage/scratch/iee/dj20y461/FITNESS/data/raw/FITNESS_Run2/Lane1/Sample_WB_CC_19T_008_2-3015116/WB_CC_19T_008_2-3015116_S13_L001_R1_001.fastq.gz	67353751
/storage/scratch/iee/dj20y461/FITNESS/data/raw/FITNESS_Run2/Lane1/Sample_LG_HL_19T_360_2-3015125/LG_HL_19T_360_2-3015125_S22_L001_R1_001.fastq.gz	74412441
/storage/scratch/iee/dj20y461/FITNESS/data/raw/FITNESS_Run2/Lane2/Sample_WK_CL_19T_033_2-3015243/WK_CL_19T_033_2-3015243_S55_L002_R1_001.fastq.gz	75083449
/storage/scratch/iee/dj20y461/FITNESS/data/raw/FITNESS_Run2/Lane1/Sample_LG_CL_19T_357_2-3015110/LG_CL_19T_357_2-3015110_S7_L001_R1_001.fastq.gz	76829059
/storage/scratch/iee/dj20y461/FITNESS/data/raw/FITNESS_Run2/Lane1/Sample_WB_GL_19T_192_2-3015111/WB_GL_19T_192_2-3015111_S8_L001_R1_001.fastq.gz	72898514
/storage/scratch/iee/dj20y461/FITNESS/data/raw/FITNESS_Run2/Lane1/Sample_TL_LO_19T_172_2-3015118/TL_LO_19T_172_2-3015118_S15_L001_R1_001.fastq.gz	82106017
/storage/scratch/iee/dj20y461/FITNESS/data/raw/FITNESS_Run2/Lane1/Sample_LG_FL_19T_007_2-3015107/LG_FL_19T_007_2-3015107_S4_L001_R1_001.fastq.gz	270694
