Locus_Name	Target_Type	Sequence	Chromosome	Coordinate	Genome_Build_Version	Source	Source_Version	Sequence_Orientation	Plus_Minus	Species	Force_Infinium_I	Replication_Count
PQ335173.1_6920_TSIV_ins2	SNP	GTTTCGCAGCACTGCGCCGACCTGATGGGCCTGCTGCGCCAGTACGACCG[T/G]CAGCACGCACCCACCGAGCCCGCTCTGTTTGACGCGCCCGAGCTACAAGG	PQ335173.1	6920	GCA_016920845.1	Unknown	0	Forward	Unknown	Gasterosteus aculeatus	TRUE	1
PQ335173.1_76518_TSIV_ins2	SNP	AGGAGGACGCCGAGGCCAACACCATCTTCACGAGCACGCGCAAGGCTTCC[T/C]TGGCGGCCATGCCGCCCCAGGGGGACCTGGCCAACTACAGCGCCAAGTAC	PQ335173.1	76518	GCA_016920845.1	Unknown	0	Forward	Unknown	Gasterosteus aculeatus	TRUE	1
PQ335173.1_9868_TSIV_ins2	SNP	CACACGACGCGCAGCTTCTCCATGGCGTCCCACGGGCCCTCTTGGCCCAT[C/A]GGCCCCGTGAGCTTGAAGAGGTCGCACCAGGCGGGCGCCAGCGGGCCGCC	PQ335173.1	9868	GCA_016920845.1	Unknown	0	Forward	Unknown	Gasterosteus aculeatus	TRUE	1
PQ335173.1_72614_TSIV_ins2	SNP	GGATGACGTCGAGCTGTGGGTCAGCACAAAGCGCACCGTCATCAAGGTGG[T/C]GTACAACCCGGACCTGCTGTTCAACGCCGAGCTGGAGGTGGTGTGTGCCG	PQ335173.1	72614	GCA_016920845.1	Unknown	0	Forward	Unknown	Gasterosteus aculeatus	TRUE	1
PQ335173.1_10207_TSIV_ins2	SNP	AGGAACACTGCCACGTCGTACCGATGGTCTACGTAGCGGCTCCTGCACGC[A/C]ATGCCCAGTTCTGTAAAGTGGTCCGACGCCAGGCATCCCAGTCTGTGCGC	PQ335173.1	10207	GCA_016920845.1	Unknown	0	Forward	Unknown	Gasterosteus aculeatus	TRUE	1
PQ335173.1_10456_TSIV_ins2	SNP	TGCGTTATGCCGTGCGCCGACATGGCGGCCACGCACCCAAGCACCTGAAC[T/C]ATGGTGCTGTTGATGTGGTCGTCGCATACGTCCTTGTCCACCATCATGGT	PQ335173.1	10456	GCA_016920845.1	Unknown	0	Forward	Unknown	Gasterosteus aculeatus	TRUE	1
PQ335173.1_9919_TSIV_ins2	SNP	GGCCCCGTGAGCTTGAAGAGGTCGCACCAGGCGGGCGCCAGCGGGCCGCC[A/G]ATCCTGTGCGCCTTGATGGGCATCATTCCGCGCAGTATGAACAGCATGTC	PQ335173.1	9919	GCA_016920845.1	Unknown	0	Forward	Unknown	Gasterosteus aculeatus	TRUE	1
PQ335173.1_71674_TSIV_ins2	SNP	CCCTTCCCAGAGGCATGGGCTCGCCCGACATGGCCAGCCGCTTCACAGCC[A/G]ACAACCCGCCCAGGATAATCAGGTCGGGCCCTCTGGGCAGGACGCTGTCC	PQ335173.1	71674	GCA_016920845.1	Unknown	0	Forward	Unknown	Gasterosteus aculeatus	TRUE	1
PQ335173.1_72699_TSIV_ins2	SNP	GAGGTGGTGTGTGCCGGCGGCGGCGTGCTGAGGTTCGACGACTTCAACAC[A/G]CACTCTGTGGCCAGGGAGGTGGGCGCCATGAGCGGCGGCAGCCGGACGTA	PQ335173.1	72699	GCA_016920845.1	Unknown	0	Forward	Unknown	Gasterosteus aculeatus	TRUE	1
PQ335173.1_72768_TSIV_ins2	SNP	GTGGGCGCCATGAGCGGCGGCAGCCGGACGTACCGCGTGCACCAGATAGC[A/G]GCTATGGTCCACAGCAAGCACACCATCACGGCGCAGTGCGACGGCGGCAA	PQ335173.1	72768	GCA_016920845.1	Unknown	0	Forward	Unknown	Gasterosteus aculeatus	TRUE	1
PQ335173.1_8829_TSIV_ins2	SNP	TTGACAAAGCCCATCTGTGCCATGTAGGGCCTGGCCAGGTCCAGCGGCAC[A/T]	PQ335173.1	8829	GCA_016920845.1	Unknown	0	Forward	Unknown	Gasterosteus aculeatus	TRUE	1
PQ335173.1_10630_TSIV_ins2	SNP	ACGCCCAGGGCCGTGGCGTCCGTCACGTACTCGCTGCGCTGACAGCACCA[T/G]	PQ335173.1	10630	GCA_016920845.1	Unknown	0	Forward	Unknown	Gasterosteus aculeatus	TRUE	1
PQ335173.1_10858_TSIV_ins2	SNP	GGGGTCAGTGGCGCGTAGTGCCTGTATGGGCAGTAGCTGTTAAAGCAGTT[C/T]	PQ335173.1	10858	GCA_016920845.1	Unknown	0	Forward	Unknown	Gasterosteus aculeatus	TRUE	1
PQ335173.1_74003_TSIV_ins2	SNP	GAAGCCGCTGGGCTGGTGGACGTGGTCCTTCCTGGACCAGACGCAGAAGG[C/A]	PQ335173.1	74003	GCA_016920845.1	Unknown	0	Forward	Unknown	Gasterosteus aculeatus	TRUE	1
PQ335173.1_74838_TSIV_ins2	SNP	TACAGGGACGAGATGCTGATGGCGCGCTACAAGTGCTGCTACCTGTCGTT[T/C]	PQ335173.1	74838	GCA_016920845.1	Unknown	0	Forward	Unknown	Gasterosteus aculeatus	TRUE	1
PQ335173.1_76004_TSIV_ins2	SNP	ACGTGGCGCCGCGAGCGGCGCGCCATGGAGCAGTTTTTCCACTTCACCAC[A/G]	PQ335173.1	76004	GCA_016920845.1	Unknown	0	Forward	Unknown	Gasterosteus aculeatus	TRUE	1
PQ335173.1_76383_TSIV_ins2	SNP	TGTCGTACGTGCTGGGCAAGGCCAGTGGCGTGCGCGTGGTGTACGCCGGG[A/G]	PQ335173.1	76383	GCA_016920845.1	Unknown	0	Forward	Unknown	Gasterosteus aculeatus	TRUE	1
PQ335173.1_76694_TSIV_ins2	SNP	GTGGCGCTGCTGGCGCAGGTGCTGCAGGCCAGGGGGTGGCACATGGTGAC[A/G]	PQ335173.1	76694	GCA_016920845.1	Unknown	0	Forward	Unknown	Gasterosteus aculeatus	TRUE	1
PQ335173.1_76940_TSIV_ins2	SNP	CTGACGCCCCACTGGAACTTCACAGAGACCTTTCAGGCCATATACAGGGC[A/G]	PQ335173.1	76940	GCA_016920845.1	Unknown	0	Forward	Unknown	Gasterosteus aculeatus	TRUE	1
PQ335173.1_8940_TSIV_ins2	SNP	[T/C]AGTTGCACCACCGCGTAGACTGCGTTGTCTCGATTGTGCATTAATGTGAC	PQ335173.1	8940	GCA_016920845.1	Unknown	0	Forward	Unknown	Gasterosteus aculeatus	TRUE	1
PQ335173.1_72477_TSIV_ins2	SNP	[T/C]TCGATGGGCAACCAGTGGTGCCTGATGCCCGAGTCCAAGCTCAAGGTGAC	PQ335173.1	72477	GCA_016920845.1	Unknown	0	Forward	Unknown	Gasterosteus aculeatus	TRUE	1
PQ335173.1_73826_TSIV_ins2	SNP	[G/A]GCACTGGCAGAGCGCGCAGGCCGGCGCGGCCATGTGGAAGCTGGCCCAGG	PQ335173.1	73826	GCA_016920845.1	Unknown	0	Forward	Unknown	Gasterosteus aculeatus	TRUE	1
PQ335173.1_74719_TSIV_ins2	SNP	[A/G]GCCTGCTGGGCAAAATAGAGGATGTCATCAACCAGCTCATGACGGACATC	PQ335173.1	74719	GCA_016920845.1	Unknown	0	Forward	Unknown	Gasterosteus aculeatus	TRUE	1
PQ335173.1_75567_TSIV_ins2	SNP	[C/A]TTTGAGTCGAGTCTTTATTACACCACACATGAGCCACTGTGTCAAATGAA	PQ335173.1	75567	GCA_016920845.1	Unknown	0	Forward	Unknown	Gasterosteus aculeatus	TRUE	1
PQ335173.1_75863_TSIV_ins2	SNP	[A/G]GCCAAGTACCTGAAAGGGGTGCTGGTGATTACGCGCGGCGACGGTCTGGT	PQ335173.1	75863	GCA_016920845.1	Unknown	0	Forward	Unknown	Gasterosteus aculeatus	TRUE	1
PQ335173.1_76257_TSIV_ins2	SNP	[G/T]CACGCTACTTCACGGGCAGCGGTGCCTTCATCCGGGGCATGGAGAGCGAG	PQ335173.1	76257	GCA_016920845.1	Unknown	0	Forward	Unknown	Gasterosteus aculeatus	TRUE	1
PQ335173.1_76390_TSIV_ins2	SNP	[T/C]GGACGCCGACCTGCCCTTCAACGTGGTGCAGCTGGACATGTCAAAGTACC	PQ335173.1	76390	GCA_016920845.1	Unknown	0	Forward	Unknown	Gasterosteus aculeatus	TRUE	1
PQ335173.1_76793_TSIV_ins2	SNP	[T/C]GAGCGCAACGTGGACGGCGGCGACGTGCAGCTGGTGCTGGGCAGCCGCGC	PQ335173.1	76793	GCA_016920845.1	Unknown	0	Forward	Unknown	Gasterosteus aculeatus	TRUE	1
PQ335173.1_4501_TSIV_ins2	SNP	CCACCGGCTCGTACACGTAGGCCCCCGTGTATGACGACTGCGCGGCAGGC[A/G]	PQ335173.1	4501	GCA_016920845.1	Unknown	0	Forward	Unknown	Gasterosteus aculeatus	TRUE	1
PQ335173.1_4632_TSIV_ins2	SNP	ATCTGGCTAAAGACGCGCACCTGCTGCCCCTGCGTGAAGAGCTGCATGAT[A/G]	PQ335173.1	4632	GCA_016920845.1	Unknown	0	Forward	Unknown	Gasterosteus aculeatus	TRUE	1
PQ335173.1_4725_TSIV_ins2	SNP	GAGTTGAGGTAGTCTGCCAGCTCATTGCAGAGCATGGTGTCCTTGACGCA[A/G]	PQ335173.1	4725	GCA_016920845.1	Unknown	0	Forward	Unknown	Gasterosteus aculeatus	TRUE	1
PQ335173.1_8654_TSIV_ins2	SNP	GCCGTACGACACCATCTCCTTGAAGTGCTGCAGCTGCAGCTCCGAGAGCG[A/C]	PQ335173.1	8654	GCA_016920845.1	Unknown	0	Forward	Unknown	Gasterosteus aculeatus	TRUE	1
PQ335173.1_9973_TSIV_ins2	SNP	CTGTGCGCCTTGATGGGCATCATTCCGCGCAGTATGAACAGCATGTCTAC[A/G]	PQ335173.1	9973	GCA_016920845.1	Unknown	0	Forward	Unknown	Gasterosteus aculeatus	TRUE	1
PQ335173.1_10114_TSIV_ins2	SNP	CTCTTCTTGGCGGCTATGTGCTCAATCAGGGGGGCGTAGGCCACCACCCC[A/G]	PQ335173.1	10114	GCA_016920845.1	Unknown	0	Forward	Unknown	Gasterosteus aculeatus	TRUE	1
PQ335173.1_10393_TSIV_ins2	SNP	GTGTACACGACGTGCGAGTGGCTGCACTTGCGCAGCAGCACGTTTGCCAC[A/G]	PQ335173.1	10393	GCA_016920845.1	Unknown	0	Forward	Unknown	Gasterosteus aculeatus	TRUE	1
PQ335173.1_68370_TSIV_ins2	SNP	GCCCCAGCCCCCGGGCCGTCAAGGCCTTTCTGGCCATATGTCAGGCGTCG[C/T]	PQ335173.1	68370	GCA_016920845.1	Unknown	0	Forward	Unknown	Gasterosteus aculeatus	TRUE	1
PQ335173.1_68948_TSIV_ins2	SNP	TGCGCCGGCGTGTGGCGCCTGACCGCAGACAGCTTTGTGGGCGCCGACGG[G/A]	PQ335173.1	68948	GCA_016920845.1	Unknown	0	Forward	Unknown	Gasterosteus aculeatus	TRUE	1
PQ335173.1_69503_TSIV_ins2	SNP	ACGCAGGCCAACACGCAGTTTACGGCGCTGCGCATCTACGAGAGCATCAC[T/C]	PQ335173.1	69503	GCA_016920845.1	Unknown	0	Forward	Unknown	Gasterosteus aculeatus	TRUE	1
PQ335173.1_71670_TSIV_ins2	SNP	AGCACCCTTCCCAGAGGCATGGGCTCGCCCGACATGGCCAGCCGCTTCAC[A/G]	PQ335173.1	71670	GCA_016920845.1	Unknown	0	Forward	Unknown	Gasterosteus aculeatus	TRUE	1
PQ335173.1_71731_TSIV_ins2	SNP	CGCCCAGGATAATCAGGTCGGGCCCTCTGGGCAGGACGCTGTCCAGATCC[C/A]	PQ335173.1	71731	GCA_016920845.1	Unknown	0	Forward	Unknown	Gasterosteus aculeatus	TRUE	1
PQ335173.1_72408_TSIV_ins2	SNP	GCGGTGACGGGCCTCGTGACCATGGGCTTCCAGATCTACGACATACGGTT[T/C]	PQ335173.1	72408	GCA_016920845.1	Unknown	0	Forward	Unknown	Gasterosteus aculeatus	TRUE	1
PQ335173.1_72852_TSIV_ins2	SNP	CAGTGCGACGGCGGCAACACGCCCGCCCTGCTGATTGTGCGGGAGCCCGT[A/G]	PQ335173.1	72852	GCA_016920845.1	Unknown	0	Forward	Unknown	Gasterosteus aculeatus	TRUE	1
PQ335173.1_73024_TSIV_ins2	SNP	GCTGCTCGGTGGACCGGTCTGCGATGCACGTGGGCTGGACCACGTGCTCG[C/A]	PQ335173.1	73024	GCA_016920845.1	Unknown	0	Forward	Unknown	Gasterosteus aculeatus	TRUE	1
PQ335173.1_74259_TSIV_ins2	SNP	CCAGCCATCGACCAGTGCAACACGCGCGAGACGGCCTGCGGCACCCGCAC[A/G]	PQ335173.1	74259	GCA_016920845.1	Unknown	0	Forward	Unknown	Gasterosteus aculeatus	TRUE	1
PQ335173.1_74373_TSIV_ins2	SNP	TACTGGTACTACGCCCACGGCTCCGAGCCCCAGATTGCGTCGCAGCACTT[C/T]	PQ335173.1	74373	GCA_016920845.1	Unknown	0	Forward	Unknown	Gasterosteus aculeatus	TRUE	1
PQ335173.1_74643_TSIV_ins2	SNP	CCCATGGTGGTGGCCATCAACGAGTTCAGCGCGCACCTGACGGGCCCCAG[T/C]	PQ335173.1	74643	GCA_016920845.1	Unknown	0	Forward	Unknown	Gasterosteus aculeatus	TRUE	1
PQ335173.1_75309_TSIV_ins2	SNP	GAGATGGCTGTGCATTGGGCGCGGGTGGCCCTGGTGACCGGGTTGGTGAT[T/C]	PQ335173.1	75309	GCA_016920845.1	Unknown	0	Forward	Unknown	Gasterosteus aculeatus	TRUE	1
PQ335173.1_76117_TSIV_ins2	SNP	GGGCTACCTGGTGATTGTGGACGAGGTGCACAACCTGAGGGAGGACAACG[A/T]	PQ335173.1	76117	GCA_016920845.1	Unknown	0	Forward	Unknown	Gasterosteus aculeatus	TRUE	1
PQ335173.1_76253_TSIV_ins2	SNP	GCAGACGAGATTGTCGACGTCATGAACCTGATACTGCAGCGCGACATGGA[A/C]	PQ335173.1	76253	GCA_016920845.1	Unknown	0	Forward	Unknown	Gasterosteus aculeatus	TRUE	1
PQ335173.1_4413_TSIV_ins2	SNP	[T/G]GAAAAGTCCATGGGCACCACGTTCTTGTAGACGCCCGCCACCGGCTCGTA	PQ335173.1	4413	GCA_016920845.1	Unknown	0	Forward	Unknown	Gasterosteus aculeatus	TRUE	1
PQ335173.1_4557_TSIV_ins2	SNP	[A/G]CTCATGGGCGTGCAGTGCCTGTATATCTGGCTAAAGACGCGCACCTGCTG	PQ335173.1	4557	GCA_016920845.1	Unknown	0	Forward	Unknown	Gasterosteus aculeatus	TRUE	1
PQ335173.1_4659_TSIV_ins2	SNP	[A/G]CACAGCGCCACCCACGAGTTGAGGTAGTCTGCCAGCTCATTGCAGAGCAT	PQ335173.1	4659	GCA_016920845.1	Unknown	0	Forward	Unknown	Gasterosteus aculeatus	TRUE	1
PQ335173.1_8153_TSIV_ins2	SNP	[G/T]GTCGTCGTCGTCAAACTCCTCTTCCTTGATGGCCAGCGGCATGTACTCAA	PQ335173.1	8153	GCA_016920845.1	Unknown	0	Forward	Unknown	Gasterosteus aculeatus	TRUE	1
PQ335173.1_8382_TSIV_ins2	SNP	[A/G]CTGATGCCGAGGTTGTGCGCCACCACAAACGCCGACAGGTTCCAATTTGC	PQ335173.1	8382	GCA_016920845.1	Unknown	0	Forward	Unknown	Gasterosteus aculeatus	TRUE	1
PQ335173.1_8541_TSIV_ins2	SNP	[T/C]GTCACGATGTGCATGTGGTCGTCGTCGACGGCCAGCAGGTGCATGGGCCC	PQ335173.1	8541	GCA_016920845.1	Unknown	0	Forward	Unknown	Gasterosteus aculeatus	TRUE	1
PQ335173.1_9289_TSIV_ins2	SNP	[T/C]ACATCCATGGCCCGATCGATACCTATCGTCATTACGACGGCCCTGAAGGC	PQ335173.1	9289	GCA_016920845.1	Unknown	0	Forward	Unknown	Gasterosteus aculeatus	TRUE	1
PQ335173.1_10048_TSIV_ins2	SNP	[C/G]CTGTGGTGCGGCCTGCTCTTCTTGGCGGCTATGTGCTCAATCAGGGGGGC	PQ335173.1	10048	GCA_016920845.1	Unknown	0	Forward	Unknown	Gasterosteus aculeatus	TRUE	1
PQ335173.1_10140_TSIV_ins2	SNP	[G/C]AAACTGGACCCCCATGAGGAACACTGCCACGTCGTACCGATGGTCTACGT	PQ335173.1	10140	GCA_016920845.1	Unknown	0	Forward	Unknown	Gasterosteus aculeatus	TRUE	1
PQ335173.1_10402_TSIV_ins2	SNP	[A/G]TTGTGCGTTATGCCGTGCGCCGACATGGCGGCCACGCACCCAAGCACCTG	PQ335173.1	10402	GCA_016920845.1	Unknown	0	Forward	Unknown	Gasterosteus aculeatus	TRUE	1
PQ335173.1_66168_TSIV_ins2	SNP	[T/C]AGCAGGGGCTATGTGTGCTGCGACGTGCTTTGCCCTGTACTGTGATGGCA	PQ335173.1	66168	GCA_016920845.1	Unknown	0	Forward	Unknown	Gasterosteus aculeatus	TRUE	1
PQ335173.1_68288_TSIV_ins2	SNP	[T/C]CACAAGATACGCTGCAAGGGCCACAATCAGTGCCCCAGCCCCCGGGCCGT	PQ335173.1	68288	GCA_016920845.1	Unknown	0	Forward	Unknown	Gasterosteus aculeatus	TRUE	1
PQ335173.1_68486_TSIV_ins2	SNP	[A/G]GAGGTGCGCTCGCCTGGCATCTACAAGGAGGACTACATCAACACGCTGTG	PQ335173.1	68486	GCA_016920845.1	Unknown	0	Forward	Unknown	Gasterosteus aculeatus	TRUE	1
PQ335173.1_68870_TSIV_ins2	SNP	[C/G]CGCAACCGCGTGTACGCCGTCGACAGATGCGCCGGCGTGTGGCGCCTGAC	PQ335173.1	68870	GCA_016920845.1	Unknown	0	Forward	Unknown	Gasterosteus aculeatus	TRUE	1
PQ335173.1_69335_TSIV_ins2	SNP	[A/G]TCGGAGCCCTTTGCGCAGGTGTCTGCGTGGGACCCTGCCATGGCGGGGCG	PQ335173.1	69335	GCA_016920845.1	Unknown	0	Forward	Unknown	Gasterosteus aculeatus	TRUE	1
PQ335173.1_71613_TSIV_ins2	SNP	[T/C]TTGGACAGCACCCTTCCCAGAGGCATGGGCTCGCCCGACATGGCCAGCCG	PQ335173.1	71613	GCA_016920845.1	Unknown	0	Forward	Unknown	Gasterosteus aculeatus	TRUE	1
PQ335173.1_72315_TSIV_ins2	SNP	[A/G]CCCGCAGCTTTGGCCGTGGCGGCGGCGGGCATCACCTTGCAGGCGGTGAC	PQ335173.1	72315	GCA_016920845.1	Unknown	0	Forward	Unknown	Gasterosteus aculeatus	TRUE	1
PQ335173.1_72868_TSIV_ins2	SNP	[A/G]TGCTGCTGCGCAAGCGGGGGCCCGGCGAGCCGGAGGCGTCCGAGAGCATG	PQ335173.1	72868	GCA_016920845.1	Unknown	0	Forward	Unknown	Gasterosteus aculeatus	TRUE	1
PQ335173.1_72960_TSIV_ins2	SNP	[T/C]GTGTCCATCCCCGGCTGCTCGGTGGACCGGTCTGCGATGCACGTGGGCTG	PQ335173.1	72960	GCA_016920845.1	Unknown	0	Forward	Unknown	Gasterosteus aculeatus	TRUE	1
PQ335173.1_74085_TSIV_ins2	SNP	[T/C]GACAACAAGATGCAGGCCTGCGTGGTGAAGCTGGACCTGCTGTCAAAGAC	PQ335173.1	74085	GCA_016920845.1	Unknown	0	Forward	Unknown	Gasterosteus aculeatus	TRUE	1
PQ335173.1_74187_TSIV_ins2	SNP	[A/G]GACGTCTGCCTCACAGTGTCGCCAGCCATCGACCAGTGCAACACGCGCGA	PQ335173.1	74187	GCA_016920845.1	Unknown	0	Forward	Unknown	Gasterosteus aculeatus	TRUE	1
PQ335173.1_74319_TSIV_ins2	SNP	[A/G]GCGTACTGGTACTACGCCCACGGCTCCGAGCCCCAGATTGCGTCGCAGCA	PQ335173.1	74319	GCA_016920845.1	Unknown	0	Forward	Unknown	Gasterosteus aculeatus	TRUE	1
PQ335173.1_74649_TSIV_ins2	SNP	[T/C]GTCACGCAGATCGTGCTGCCGGCCGAGGCGGTGCTGCAGTCTAGCCTCGT	PQ335173.1	74649	GCA_016920845.1	Unknown	0	Forward	Unknown	Gasterosteus aculeatus	TRUE	1
PQ335173.1_74923_TSIV_ins2	SNP	[A/G]TGAGCACGGGCAGCATCATGGGCCCGTCCAAGGACTACTACCTCAAGGAG	PQ335173.1	74923	GCA_016920845.1	Unknown	0	Forward	Unknown	Gasterosteus aculeatus	TRUE	1
PQ335173.1_75252_TSIV_ins2	SNP	[C/T]CGGGTGGAGATGGCTGTGCATTGGGCGCGGGTGGCCCTGGTGACCGGGTT	PQ335173.1	75252	GCA_016920845.1	Unknown	0	Forward	Unknown	Gasterosteus aculeatus	TRUE	1
PQ335173.1_76053_TSIV_ins2	SNP	[G/A]TCACCAAGTACGCGGGCTACCTGGTGATTGTGGACGAGGTGCACAACCTG	PQ335173.1	76053	GCA_016920845.1	Unknown	0	Forward	Unknown	Gasterosteus aculeatus	TRUE	1
PQ335173.1_76181_TSIV_ins2	SNP	[T/G]GGGACGCCCATGGGCGACCGCGCAGACGAGATTGTCGACGTCATGAACCT	PQ335173.1	76181	GCA_016920845.1	Unknown	0	Forward	Unknown	Gasterosteus aculeatus	TRUE	1
PQ335174.1_20382_TSIV_ins2	SNP	GTGTGCACACACCGCGTGTACGACGGCGAGTCTGTATCCAGCAGCTGCGT[G/A]GCGCAGGCAGGCCGCAGCGCCTCCCTGGGCATACGGCTGCTCGAGCCCGG	PQ335174.1	20382	GCA_016920845.1	Unknown	0	Forward	Unknown	Gasterosteus aculeatus	TRUE	1
PQ335174.1_20556_TSIV_ins2	SNP	CATACTGGCCGCGCTGACGGCCTTGCGCCTCGACGAGCTAGACGCGGACG[A/G]	PQ335174.1	20556	GCA_016920845.1	Unknown	0	Forward	Unknown	Gasterosteus aculeatus	TRUE	1
PQ335174.1_19814_TSIV_ins2	SNP	GCTGCCACCCCCGGCCGGCACAGTGACTGACATGGCGCAGCAGGCGCGCC[G/T]	PQ335174.1	19814	GCA_016920845.1	Unknown	0	Forward	Unknown	Gasterosteus aculeatus	TRUE	1
PQ335174.1_20043_TSIV_ins2	SNP	GCGGACGTAGACGCCGCCGCGGTGCGTCTGACCCGTGTACAGGAGGGCGC[T/A]	PQ335174.1	20043	GCA_016920845.1	Unknown	0	Forward	Unknown	Gasterosteus aculeatus	TRUE	1
PQ335174.1_19744_TSIV_ins2	SNP	[G/A]TGGAGACGCTGCGCAGAGAGCTGCCACCCCCGGCCGGCACAGTGACTGAC	PQ335174.1	19744	GCA_016920845.1	Unknown	0	Forward	Unknown	Gasterosteus aculeatus	TRUE	1
PQ335174.1_19992_TSIV_ins2	SNP	[T/G]GCGGACGTAGACGCCGCCGCGGTGCGTCTGACCCGTGTACAGGAGGGCGC	PQ335174.1	19992	GCA_016920845.1	Unknown	0	Forward	Unknown	Gasterosteus aculeatus	TRUE	1
